{
		"type": "origins:damage_over_time",
		"name": "Hydrophobia",
		"description": "You take damage from water and its sources such as rain and potions.",
		"interval": 20,
		"onset_delay": 1,
		"damage": 3,
		"damage_easy": 1,
		"damage_source": {
			"name": "hurt_by_water",
			"unblockable": true,
			"bypasses_armor": true
		},
		"protection_enchantment": "origins:water_protection",
		"protection_effectiveness": 1.0,
		"condition": {
			"type": "origins:or",
			"conditions": [{
					"type": "origins:fluid_height",
					"fluid": "minecraft:water",
					"comparison": ">",
					"compare_to": 0.0
				},
				{
					"type": "origins:in_rain"
				}
			]
		}
	}