{
	"type": "origins:burn",
        "loading_priority": 1,
	"interval": 20,
	"burn_duration": 6,
	"condition": {
		"type": "origins:and",
		"conditions": [{
				"type": "origins:exposed_to_sun"
			},
			{
				"type": "origins:invisible",
				"inverted": true
			},
			{
				"type": "origins:equipped_item",
				"equipment_slot": "head",
				"item_condition": {
					"type": "origins:enchantment",
                                         "inverted": true,
					"enchantment": "minecraft:fire_protection",
                                        "comparison": ">=",
                                        "compare_to": 1
				}
			}
		]
	}
}