{
  "type": "origins:multiple",
  "loading_priority": 1000,
  "name":"Disclaimer:",
  "description": "These stats are no longer accurate. Can't fix it for some reason.",
  "attribute_modifiers": {
	"type": "origins:attribute",
	"modifiers": [
	{
		"attribute": "minecraft:generic.attack_damage",
		"operation": "multiply_base",
		"value": -0.4
	},
	  {
		"name": "Origin modifier",
		"attribute": "generic.max_health",
		"value": -0.9,
		"operation": "multiply_total"
	  },
	  {
		"name": "Origin modifier",
		"attribute": "generic.attack_speed",
		"value": 0.20,
		"operation": "multiply_base"
	  },
	  {
		"name": "Origin modifier",
		"attribute": "generic.movement_speed",
		"value": 0.01,
		"operation": "addition"
	  },
	  {
		"name": "Origin modifier",
		"attribute": "reach-entity-attributes:attack_range",
		"value": -0.8,
		"operation": "addition"
	  },
	  {
		"name": "Origin modifier",
		"attribute": "reach-entity-attributes:reach",
		"value": -0.9,
		"operation": "multiply_base"
	  }
	]
  },
  "jump_modifier": {
	"type": "origins:modify_jump",
	"modifier": {
	  "name": "Origin modifier",
	  "value": -0.065,
	  "operation": "multiply_total"
	}
  }
}