{
  "type": "origins:stacking_status_effect",
  "min_stacks": 0,
  "max_stacks": 1,
  "duration_per_stack": 30,
  "effect": {
	"effect": "speed",
	"is_ambient": true,
	"show_particles": false,
	"show_icon": false
  },
  "condition": {
	"type": "origins:biome",
	"condition": {
	  "type": "origins:or",
	  "conditions": [
		{
		  "type": "origins:temperature",
		  "comparison": "<",
		  "compare_to": 0.15
		},
		{
		  "type": "origins:temperature",
		  "comparison": ">",
		  "compare_to": 1
		}
	  ]
	}
  }
}
