{
  "type": "origins:multiple",
  "hidden":true,
  "loading_priority":1,
  "attribute_modifiers": {
	"type": "origins:attribute",
	"modifiers": [
	  {
		"name": "Origin modifier",
		"attribute": "generic.max_health",
		"value": 10,
		"operation": "addition"
	  },
	  {
		"name": "Origin modifier",
		"attribute": "generic.attack_speed",
		"value": -0.5,
		"operation": "addition"
	  },
	  {
		"name": "Origin modifier",
		"attribute": "generic.movement_speed",
		"value": 0.015,
		"operation": "addition"
	  },
	  {
		"name": "Origin modifier",
		"attribute": "reach-entity-attributes:attack_range",
		"value": 0.25,
		"operation": "addition"
	  },
	  {
		"name": "Origin modifier",
		"attribute": "reach-entity-attributes:reach",
		"value": 1,
		"operation": "addition"
	  }
	]
  },
  "jump_modifier": {
	"type": "origins:modify_jump",
	"modifier": {
	  "name": "Origin modifier",
	  "value": 0.3333,
	  "operation": "multiply_total"
	}
  }
}