{
	"powers": [
		"origins:fire_immunity",
		"origins:nether_spawn",
		"origins:lava_swimming",
		"origins:lava_vision",
		"origins:burning_wrath",
		"origins:hotblooded",
		"origins:counter",
		"origins:heat",
		"origins:surge",
		"origins:reignite",
		"origins:disable_on_death",
		"origins:firetouch",
		"origins:taller",
		"origins:water_vulnerability",
		"origins:cold_intolarant",
		"origins:shake",
		"origins:flame_particles",
		"origins:damage_from_snowballs",
		"origins:sizefix"
	],
	"icon": "minecraft:blaze_powder",
	"impact": 3,
	"name": "Blazeborn (Rework)",
	"description": "Buff of original Blazeborn origin.",
	"loading_priority": 10
}