{
    "type": "origins:modify_damage_taken",
	"hidden":true,
    "modifier": {
     "name": "OW",
     "value": 0.4,
     "operation": "multiply_base"

    },
    "damage_condition": {
        "type": "origins:or",
        "conditions": [
        {
            "type": "origins:name",
            "name": "badRespawnPoint"
        },
        {
            "type": "origins:name",
            "name": "explosion"
        },
		{
            "type": "origins:name",
            "name": "explosion.player"
        },
		{
            "type": "origins:name",
            "name": "witherSkull"
        }
    ]

    }
}