{    "type": "origins:modify_damage_taken",	"name": "End Experince",	"description": "You like eating fish and plants, but there is no meat in the end. You also like punching endstone.",	"hidden":false,    "modifier": {     "name": "nice",     "value": -1,     "operation": "multiply_total"    },    "damage_condition": {        "type": "origins:or",        "conditions": [        {            "type": "origins:name",            "name": "indirectMagic"        },        {            "type": "origins:name",            "name": "magic"        }    ]    }}