{
  "type": "origins:active_self",
  "entity_action": {
      "type":"origins:if_else",
      "condition":{
      "type": "origins:and",
      "conditions": [{
              "type": "origins:status_effect",
              "effect": "minecraft:levitation",
              "min_amplifier": -5,
              "max_amplifier": -5,
              "inverted": true
          },
          {
              "type": "origins:in_block",
              "block_condition": {
                  "type": "origins:height",
                  "comparison": "<=",
                  "compare_to": 128
              }
          }
      ]
      },

      "else_action": {
          "type": "origins:clear_effect",
          "effect": "minecraft:levitation"
      },
      "if_action": {
          "type": "origins:apply_effect",
          "effect": {
              "effect": "minecraft:levitation",
              "duration": 10,
              "amplifier": 1,
              "show_particles": false,
              "show_icon": false
          }
      }
  },
  "cooldown": 0,
  "hud_render": {
      "should_render": false
  },
  "key": {
      "key": "key.jump",
      "continuous": true
  },
  "name": "Atmospheric Gradient",
  "description": "Due to your fixed density, you cannot float above Y-Level 128 (Cloud Level)."
}
