{
	"type": "origins:prevent_item_use",
	"name": "Weird Diet",
	"description": "You have only ever known hunting and thus will only eat meat. But for some reason, sweet things such as cake, cookies, apples, etc. are appealing to you.",
	"item_condition": {
		"type": "origins:and",
		"conditions": [{
				"type": "origins:food"
			},
			{
				"type": "origins:ingredient",
				"ingredient": {
					"tag": "stalker:carnivorec"
				},
				"inverted": true
			},
			{
				"type": "origins:ingredient",
				"ingredient": {
					"tag": "origins:meat"
				},
				"inverted": true
			}
		]
	}
}





#by: Voxaire
#Discord: Voxaire#3808