{
    "type": "origins:action_over_time",
    "interval": 10,
	"entity_action": {
		"type": "origins:apply_effect",
		"effect": {
			"effect": "minecraft:slowness",
			"duration": 200,
			"amplifier": 0,
			"show_particles": false
		}
	},
    "name": "Cold intolerant",
    "description": "Overworld is no place for blazes, because of this, you move slower in cold biomes",
    "condition": {
        "type": "origins:biome",
        "biomes": [
            "minecraft:snowy_tundra",
            "minecraft:snowy_mountains",
            "minecraft:ice_spikes",
            "minecraft:mountains",
            "minecraft:wooded_mountains",
            "minecraft:mountain_edge",
            "minecraft:snowy_taiga",
            "minecraft:snowy_taiga_hills",
            "minecraft:snowy_taiga_mountains",
            "minecraft:deep_frozen_ocean",
            "minecraft:frozen_ocean"
        ]
    }
}