{
    "type": "origins:target_action_on_hit",
    "entity_action": {
        "type": "origins:and",
        "actions": [
            {
                "type": "origins:set_on_fire",
                "duration": 4
            },
            {
                "type": "origins:delay",
                "ticks": 60,
                "action": {
                    "type": "origins:play_sound",
                    "sound": "minecraft:block.lava.pop"
                }
            }
        ]
    },
	"damage_condition": {
		"type": "origins:or",
		"conditions": [{
				"type": "origins:name",
				"name": "arrow"
			},
			{
				"type": "origins:name",
				"name": "player"
			}
		]
	},
    "cooldown": 0,
    "condition": {
        "type": "origins:resource",
        "resource": "origins:heat",
        "comparison": "==",
        "compare_to": 1
    },
    "hidden": true
}