{
    "type": "origins:multiple",
    "name": "Natural Hunter",
    "description": "Being a predator at heart, you can feel the pain you impact to others via arrow shots, making you more excited and faster at the moment. However you are disappointed if you don't get a finishing blow before the adrenaline wears off. You also have a chance to cripple your pray with arrow shots.",
    "excitement": {
        "type": "origins:resource",
        "name": "Excitement",
        "min": 0,
        "max": 3,
        "hud_render": {
            "should_render": true,
            "bar_index": 0,
            "condition": {
                "type": "origins:resource",
                "resource": "origins:natural_hunter_excitement",
                "comparison": ">",
                "compare_to": 0
            }
        },
        "hidden": true
    },
    "limit": {
        "type": "origins:resource",
        "name": "Limit",
        "min": 0,
        "max": 3,
        "hud_render": {
            "should_render": false,
            "bar_index": 1
        },
        "hidden": true
    },
    "timer": {
        "type": "origins:resource",
        "name": "Timer",
        "min": 0,
        "max": 75,
        "hud_render": {
            "should_render": false,
            "bar_index": 4
        },
        "hidden": true
    },
    "cooldown": {
        "type": "origins:resource",
        "name": "Cooldown",
        "min": 0,
        "max": 400,
        "hud_render": {
            "should_render": true,
            "bar_index": 3,
            "condition": {
                "type": "origins:resource",
                "resource": "origins:natural_hunter_cooldown",
                "comparison": "<",
                "compare_to": 400
            }
        }
    },
    "count_timer": {
        "hidden": true,
        "type": "origins:action_over_time",
        "interval": 1,
        "entity_action": {
            "type": "origins:change_resource",
            "resource": "origins:natural_hunter_timer",
            "change": 1
        },
        "condition": {
            "type": "origins:resource",
            "resource": "origins:natural_hunter_excitement",
            "comparison": ">",
            "compare_to": 0
        }
    },
    "count_cooldown": {
        "hidden": true,
        "type": "origins:action_over_time",
        "interval": 1,
        "entity_action": {
            "type": "origins:change_resource",
            "resource": "origins:natural_hunter_cooldown",
            "change": 1
        },
        "condition": {
            "type": "origins:resource",
            "resource": "origins:natural_hunter_limit",
            "comparison": ">",
            "compare_to": 0,
            "inverted": true
        }
    },
    "decay": {
        "hidden": true,
        "type": "origins:action_over_time",
        "interval": 5,
        "entity_action": {
            "type": "origins:if_else_list",
            "actions": [
                {
                    "condition": {
                        "type": "origins:resource",
                        "resource": "origins:natural_hunter_excitement",
                        "comparison": "==",
                        "compare_to": 1
                    },
                    "action": {
                        "type": "origins:and",
                        "actions": [
                            {
                                "type": "origins:change_resource",
                                "resource": "origins:natural_hunter_excitement",
                                "change": -1
                            },
                            {
                                "type": "origins:change_resource",
                                "resource": "origins:natural_hunter_limit",
                                "change": -3
                            },
                            {
                                "type": "origins:change_resource",
                                "resource": "origins:natural_hunter_timer",
                                "change": -75
                            },
                            {
                                "type": "origins:change_resource",
                                "resource": "origins:natural_hunter_cooldown",
                                "change": -400
                            },
                            {
                                "type": "origins:play_sound",
                                "sound": "minecraft:entity.cat.hiss"
                            },
                            {
                                "type": "origins:apply_effect",
                                "effect": {
                                    "effect": "minecraft:slowness",
                                    "duration": 200,
                                    "amplifier": 1
                                }
                            }
                        ]
                    }
                },
                {
                    "condition": {
                        "type": "origins:resource",
                        "resource": "origins:natural_hunter_excitement",
                        "comparison": "==",
                        "compare_to": 0,
                        "inverted": true
                    },
                    "action": {
                        "type": "origins:and",
                        "actions": [
                            {
                                "type": "origins:change_resource",
                                "resource": "origins:natural_hunter_excitement",
                                "change": -1
                            },
                            {
                                "type": "origins:change_resource",
                                "resource": "origins:natural_hunter_timer",
                                "change": -75
                            }
                        ]
                    }
                }
            ]
        },
        "condition": {
            "type": "origins:resource",
            "resource": "origins:natural_hunter_timer",
            "comparison": "==",
            "compare_to": 75
        }
    },
    "speed": {
        "type": "origins:self_action_on_hit",
        "entity_action": {
            "type": "origins:if_else",
            "condition": {
                "type": "origins:resource",
                "resource": "origins:natural_hunter_limit",
                "comparison": "==",
                "compare_to": 3,
                "inverted": true
            },
            "if_action": {
                "type": "origins:and",
                "actions": [
                    {
                        "type": "origins:change_resource",
                        "resource": "origins:natural_hunter_excitement",
                        "change": 1
                    },
                    {
                        "type": "origins:change_resource",
                        "resource": "origins:natural_hunter_limit",
                        "change": 1
                    }
                ]
            },
            "else_action": {
                "type": "origins:change_resource",
                "resource": "origins:natural_hunter_excitement",
                "change": 1
            }
        },
        "damage_condition": {
            "type": "origins:name",
            "name": "arrow"
        },
        "target_condition": {
            "type": "origins:and",
            "conditions": [
                {
                    "type": "origins:entity_type",
                    "entity_type": "minecraft:cod",
                    "inverted": true
                },
                {
                    "type": "origins:entity_type",
                    "entity_type": "minecraft:salmon",
                    "inverted": true
                },
                {
                    "type": "origins:entity_type",
                    "entity_type": "minecraft:pufferfish",
                    "inverted": true
                },
                {
                    "type": "origins:entity_type",
                    "entity_type": "minecraft:tropical_fish",
                    "inverted": true
                },
                {
                    "type": "origins:entity_type",
                    "entity_type": "minecraft:tropical_fish",
                    "inverted": true
                },
                {
                    "type": "origins:health",
                    "comparison": ">",
                    "compare_to": 0
                }
            ]
        },
        "cooldown": 0,
        "condition": {
            "type": "origins:resource",
            "resource": "origins:natural_hunter_cooldown",
            "comparison": "==",
            "compare_to": 400
        }
    },
    "apply_speed": {
        "type": "origins:self_action_on_hit",
        "entity_action": {
            "type": "origins:if_else_list",
            "actions": [
                {
                    "condition": {
                        "type": "origins:resource",
                        "resource": "origins:natural_hunter_excitement",
                        "comparison": "==",
                        "compare_to": 3
                    },
                    "action": {
                        "type": "origins:apply_effect",
                        "effect": {
                            "effect": "minecraft:speed",
                            "duration": 150,
                            "amplifier": 2
                        }
                    }
                },
                {
                    "condition": {
                        "type": "origins:resource",
                        "resource": "origins:natural_hunter_excitement",
                        "comparison": "==",
                        "compare_to": 2
                    },
                    "action": {
                        "type": "origins:apply_effect",
                        "effect": {
                            "effect": "minecraft:speed",
                            "duration": 150,
                            "amplifier": 1
                        }
                    }
                },
                {
                    "condition": {
                        "type": "origins:resource",
                        "resource": "origins:natural_hunter_excitement",
                        "comparison": "==",
                        "compare_to": 1
                    },
                    "action": {
                        "type": "origins:apply_effect",
                        "effect": {
                            "effect": "minecraft:speed",
                            "duration": 150,
                            "amplifier": 0
                        }
                    }
                }
            ]
        },
        "damage_condition": {
            "type": "origins:name",
            "name": "arrow"
        },
        "target_condition": {
            "type": "origins:and",
            "conditions": [
                {
                    "type": "origins:entity_type",
                    "entity_type": "minecraft:cod",
                    "inverted": true
                },
                {
                    "type": "origins:entity_type",
                    "entity_type": "minecraft:salmon",
                    "inverted": true
                },
                {
                    "type": "origins:entity_type",
                    "entity_type": "minecraft:pufferfish",
                    "inverted": true
                },
                {
                    "type": "origins:entity_type",
                    "entity_type": "minecraft:tropical_fish",
                    "inverted": true
                },
                {
                    "type": "origins:entity_type",
                    "entity_type": "minecraft:tropical_fish",
                    "inverted": true
                },
                {
                    "type": "origins:health",
                    "comparison": ">",
                    "compare_to": 0
                }
            ]
        },
        "cooldown": 0
    },
    "cripple": {
        "type": "origins:target_action_on_hit",
        "entity_action": {
            "type": "origins:apply_effect",
            "effect": {
                "effect": "minecraft:slowness",
                "duration": 100,
                "amplifier": 0
            }
        },
        "damage_condition": {
            "type": "origins:name",
            "name": "arrow"
        },
        "cooldown": 200,
        "hud_render": {
            "should_render": false,
            "bar_index": 5
        }
    },
    "satisfied": {
        "type": "origins:self_action_on_kill",
        "entity_action": {
            "type": "origins:and",
            "actions": [
                {
                    "type": "origins:change_resource",
                    "resource": "origins:natural_hunter_excitement",
                    "change": -3
                },
                {
                    "type": "origins:change_resource",
                    "resource": "origins:natural_hunter_limit",
                    "change": -3
                },
                {
                    "type": "origins:change_resource",
                    "resource": "origins:natural_hunter_timer",
                    "change": -75
                },
                {
                    "type": "origins:change_resource",
                    "resource": "origins:natural_hunter_cooldown",
                    "change": -400
                },
                {
                    "type": "origins:play_sound",
                    "sound": "minecraft:entity.cat.purreow",
                    "volume": 2
                }
            ]
        },
        "target_condition": {
            "type": "origins:and",
            "conditions": [
                {
                    "type": "origins:entity_type",
                    "entity_type": "minecraft:cod",
                    "inverted": true
                },
                {
                    "type": "origins:entity_type",
                    "entity_type": "minecraft:salmon",
                    "inverted": true
                },
                {
                    "type": "origins:entity_type",
                    "entity_type": "minecraft:pufferfish",
                    "inverted": true
                },
                {
                    "type": "origins:entity_type",
                    "entity_type": "minecraft:tropical_fish",
                    "inverted": true
                },
                {
                    "type": "origins:entity_type",
                    "entity_type": "minecraft:tropical_fish",
                    "inverted": true
                }
            ]
        },
        "cooldown": 0,
        "condition": {
            "type": "origins:resource",
            "resource": "origins:natural_hunter_limit",
            "comparison": "==",
            "compare_to": 0,
            "inverted": true
        }
    }
}