{
	"type": "origins:multiple",
	"hidden":true,
	"actionssss": {
		"type": "origins:action_over_time",
		"hidden": true,
		"interval": 20,
		"entity_action": {
			"type": "origins:chance",
			"action": {
				"type": "origins:and",
				"actions": [{
						"type": "origins:execute_command",
						"command": "execute as @p run say nya~",
						"permission_level": 4
					},
					{
						"type": "origins:execute_command",
						"command": "execute as @p run playsound minecraft:entity.cat.purreow player @a[distance=..50] ~ ~ ~ 1",
						"permission_level": 4
					}
				]
			},
			"chance": 0.0001


		}
	},
	"actionz": {
		"type": "origins:action_over_time",
		"hidden": true,
		"interval": 20,
		"entity_action": {
			"type": "origins:chance",
			"action": {


				"type": "origins:execute_command",
				"command": "execute as @p run playsound minecraft:entity.cat.purreow player @a[distance=..50] ~ ~ ~ 1",
				"permission_level": 4


			},
			"chance": 0.01


		}

	},
	"actionzz": {
		"type": "origins:action_over_time",
		"hidden": true,
		"interval": 20,
		"entity_action": {
			"type": "origins:chance",
			"action": {


				"type": "origins:execute_command",
				"command": "execute as @p run playsound minecraft:entity.cat.purr player @a[distance=..50] ~ ~ ~ 1",
				"permission_level": 4


			},
			"chance": 0.001


		}

	}
}