{
	"type": "origins:multiple",
	"hidden":true,
	"phantomize": {
		"type": "origins:action_over_time",
		"interval": 10,
		"hidden": true,
		"entity_action": {
			"type": "origins:and",
			"actions": [{
					"type": "origins:if_else",
					"condition": {
						"type": "origins:and",
						"conditions": [{
								"type": "origins:in_block",
								"block_condition": {

									"type": "origins:offset",
									"y": 1,
									"condition": {
										"type": "origins:in_tag",
										"tag": "origins:air",
										"inverted": true

									}
								}

							},
							{
								"type": "origins:power_active",
								"power": "origins:phantomize"
							}


						]



					},
					"if_action": {
						"type": "origins:change_resource",
						"resource": "origins:cloak",
						"change": -18
					}
				},
				{

					"type": "origins:change_resource",
					"resource": "origins:cloak",
					"change": 14

				},
				{
					"type": "origins:if_else",
					"condition": {
						"type": "origins:and",
						"conditions": [{
								"type": "origins:resource",
								"resource": "origins:cloak",
								"comparison": "<=",
								"compare_to": 40

							},
							{
								"type": "origins:power_active",
								"power": "origins:phantomize"
							}
						]
					},
					"if_action": {
						"type": "origins:damage",
						"amount": 2,
						"source": {
							"name": "cramming",
							"bypasses_armor": true
						}
					}
				},
				{
					"type": "origins:if_else",
					"condition": {
						"type": "origins:and",
						"conditions": [{
								"type": "origins:power_active",
								"power": "origins:phantomize"
							}

						]
					},
					"if_action": {
						"type": "origins:change_resource",
						"resource": "origins:cloak",
						"change": -15
					}
				}
			]
		}

	},
	"regen": {
		"type": "origins:action_over_time",
		"interval": 5,
		"hidden": true,
		"entity_action": {
			"type": "origins:if_else",
			"condition": {
				"type": "origins:and",
				"conditions": [{
						"type": "origins:power_active",
						"power": "origins:phantomize",
						"inverted":true
					},
					{
								"type": "origins:in_block",
								"block_condition": {

									"type": "origins:offset",
									"y": 1,
									"condition": {
										"type": "origins:in_tag",
										"tag": "origins:air"

									}
								}

					}
				]
				
				},
				"if_action":{
				"type": "origins:change_resource",
						"resource": "origins:cloak",
						"change": 40
				}
			}



		},
		"regensprint": {
		"type": "origins:action_over_time",
		"interval": 5,
		"hidden": true,
		"entity_action": {
			"type": "origins:if_else",
			"condition": {
				"type": "origins:and",
				"conditions": [{
						"type": "origins:power_active",
						"power": "origins:phantomize"
					},
					{
								"type": "origins:sprinting"

					}
				]
				
				},
				"if_action":{
				"type": "origins:change_resource",
						"resource": "origins:cloak",
						"change": -3
				}
			}



		},
		"regenhuner": {
		"type": "origins:action_over_time",
		"interval": 120,
		"hidden": true,
		"entity_action": {
			"type": "origins:if_else",
			"condition": {
				"type": "origins:and",
				"conditions": [{
						"type": "origins:power_active",
						"power": "origins:phantomize"
					},
					{
								"type": "origins:sprinting",
								"inverted":true

					}
				]
				
				},
				"if_action":{
				"type": "origins:feed",
						"food": 1,
						"saturation": 1
				}
			}



		}
		

	
}