{
	"type": "origins:multiple",
	"hidden": true,
	"sex": {
		"name": "Scales",
		"hidden": true,
		"description": "I should stop reusing this fucking power.",
		"type": "origins:action_on_callback",
		"entity_action_respawned": {
			"type": "origins:change_resource",
			"resource": "origins:cloak",
			"change": 1000
		}
	},
	"test": {
		"type": "origins:self_action_on_hit",
		"entity_action": {
			"type": "origins:change_resource",
			"resource": "origins:cloak",
			"change": -50
		},
		"condition": {
			"type": "origins:power_active",
			"power": "origins:phantomize"
		},
		"damage_condition": {
			"type": "origins:and",
			"conditions": [{
					"type": "origins:amount",
					"comparison": ">=",
					"compare_to": 0.0
				},
				{
					"type": "origins:projectile",
					"projectile": "minecraft:trident",
					"inverted": true
				},
				{
					"type": "origins:projectile",
					"projectile": "minecraft:arrow",
					"inverted": true
				}
			]
		},
		"cooldown": 1

	},
	"mom2": {
		"type": "origins:self_action_when_hit",
		"entity_action": {
			"type": "origins:change_resource",
			"resource": "origins:cloak",
			"change": -30
		},
		"condition": {
			"type": "origins:power_active",
			"power": "origins:phantomize"
		},
		"damage_condition": {
			"type": "origins:and",
			"conditions": [{

					"type": "origins:amount",
					"comparison": ">=",
					"compare_to": 3.0
				},
				{
					"type": "origins:name",
					"name": "fall",
					"inverted": true
				}
			]
		},
		"cooldown": 1

	}
}