{
	"type": "origins:shaking",
    "hidden": true,
    "condition": {
        "type": "origins:biome",
        "biomes": [
            "minecraft:snowy_tundra",
            "minecraft:snowy_mountains",
            "minecraft:ice_spikes",
            "minecraft:mountains",
            "minecraft:wooded_mountains",
            "minecraft:mountain_edge",
            "minecraft:snowy_taiga",
            "minecraft:snowy_taiga_hills",
            "minecraft:snowy_taiga_mountains",
            "minecraft:deep_frozen_ocean",
            "minecraft:frozen_ocean"
        ]
    }
}