{
"type":"origins:multiple",
"hidden":true,
"one":{
	
	"type": "origins:action_on_callback",
	"hidden": false,
	"name": "Unique build",
	"description": "Your are ever so slightly taller then normal",
	"entity_action_respawned": {
		"type": "origins:execute_command",
		"command": "function blazeborn_rework:blaze",
		"permission_level": 4
	},
	"entity_action_chosen":{
		"type": "origins:execute_command",
			"command": "function blazeborn_rework:blaze",
		"permission_level": 4
	}
},
"two":{
"type": "origins:action_over_time",
  "hidden": true,
  "entity_action": {
    "type": "origins:execute_command",
	"command": "function origins:blaze",
    "permission_level": 4
  },
  "interval": 250
}
}