{
	"type": "origins:shaking",
	"hidden": false,
	"name":"Floofy",
	"description":"Your fluff keeps you comfy for the most part, but you HATE getting wet and dry off near hot blocks.",
	"condition": {
		"type": "origins:and",
		"conditions": [{

				"type": "origins:block_in_radius",
				"inverted":true,
			
				"block_condition": {
									"type": "origins:in_tag",
									"tag": "jet:seelookigotmydiamondtester2"
								},
				"radius": 3,
				"shape": "cube",
				"comparison": ">",
				"compare_to": 0
			},
			{
				"type": "origins:or",
				"conditions": [{
						"type": "origins:in_block_anywhere",
						"block_condition": {
							"type": "origins:block",
							"block": "minecraft:water"
						}
					},
					{
						"type":"origins:status_effect",
						"effect":"minecraft:slowness",
						"min_amplifier":0,
						"max_amplifier":9,
						"min_duration":0,
						"max_duration":999999
					},
					{
						"type": "origins:in_rain"
					},
					{
						"type": "origins:biome",
						"biome": "minecraft:snowy_tundra"
					},
					{
						"type": "origins:biome",
						"biome": "minecraft:snowy_mountains"
					},
					{
						"type": "origins:biome",
						"biome": "minecraft:ice_spikes"
					},
					{
						"type": "origins:biome",
						"biome": "minecraft:mountains"
					},
					{
						"type": "origins:biome",
						"biome": "minecraft:wooded_mountains"
					},
					{
						"type": "origins:biome",
						"biome": "minecraft:mountain_edge"
					},
					{
						"type": "origins:biome",
						"biome": "minecraft:snowy_taiga"
					},
					{
						"type": "origins:biome",
						"biome": "minecraft:snowy_taiga_hills"
					},
					{
						"type": "origins:biome",
						"biome": "minecraft:snowy_taiga_mountains"
					},
					{
						"type": "origins:biome",
						"biome": "minecraft:deep_frozen_ocean"
					},
					{
						"type": "origins:biome",
						"biome": "minecraft:frozen_ocean"
					}
				]

			}


		]

	}
}