{
	"type": "origins:action_over_time",
	"name": "Stealth",
	"description": "You can hide your presence even further when in dark places. If you go into a well lit place for to long then your presence is no longer hidden. Activate Focus to use this.",
	"interval": 3,
	"entity_action": {
		"type": "origins:apply_effect",
		"effects": [{
				"effect": "minecraft:invisibility",
				"duration": 7,
				"is_ambient": true,
				"amplifier": 0,
				"show_particles": false,
				"show_icon": true
			},
			{
				"effect": "minecraft:slowness",
				"duration": 30,
				"is_ambient": true,
				"amplifier": 1,
				"show_particles": false,
				"show_icon": true
			}
		]
	},
	"condition": {
		"type": "origins:and",
		"conditions": [{
				"type": "origins:power_active",
				"power": "stalker:invisible_toggle"
			},
			{
				"type": "origins:exposed_to_sun",
				"inverted": "true"
			},
			{
				"type": "origins:brightness",
				"comparison": "<",
				"compare_to": 0.15
			},
			{
				"type": "origins:equipped_item",
				"inverted": true,
				"equipment_slot": "mainhand",
				"item_condition": {
					"type": "origins:ingredient",
					"ingredient": {
						"tag": "stalker:weapons"
					}
				}
			}
		]


	}
}