{
	"type": "origins:modify_damage_taken",
        "name": "Unexpected Hit",
        "description": "Although you are a seasoned hunter, you are used to sneaking up on your opponents, not them sneaking up on you. Bows and other projectiles do extra damage to you.",
	"modifier": {
		"value": 1.5,
		"operation": "multiply_base"
	},
	"damage_condition": {
		"type": "origins:or",
		"conditions": [{
				"type": "origins:name",
				"name": "arrow"
			},
			{
				"type": "origins:name",
				"name": "trident"
			},
			{
				"type": "origins:name",
				"name": "thrown"
			}
		]
	}

}